{
    "chrome": {
        "default": "57.0",
        "versions": {
            "53.0": {
                "image": "selenoid/chrome:53.0",
                "port": "4444",
                "path": "/",
                "tmpfs": {
                    "/tmp": "size=128m"
                }
            },
            "54.0": {
                "image": "selenoid/chrome:54.0",
                "port": "4444",
                "path": "/",
                "tmpfs": {
                    "/tmp": "size=128m"
                }
            },
            "55.0": {
                "image": "selenoid/chrome:55.0",
                "port": "4444",
                "path": "/",
                "tmpfs": {
                    "/tmp": "size=128m"
                }
            },
            "56.0": {
                "image": "selenoid/chrome:56.0",
                "port": "4444",
                "path": "/",
                "tmpfs": {
                    "/tmp": "size=128m"
                }
            },
            "57.0": {
                "image": "selenoid/chrome:57.0",
                "port": "4444",
                "path": "/",
                "tmpfs": {
                    "/tmp": "size=128m"
                }
            }
        }
    },
    "firefox": {
        "default": "53.0",
        "versions": {
            "48.0": {
                "image": "selenoid/firefox:48.0",
                "port": "4444",
                "path": "/wd/hub",
                "tmpfs": {
                    "/tmp": "size=128m"
                }
            },
            "49.0": {
                "image": "selenoid/firefox:49.0",
                "port": "4444",
                "path": "/wd/hub",
                "tmpfs": {
                    "/tmp": "size=128m"
                }
            },
            "50.0": {
                "image": "selenoid/firefox:50.0",
                "port": "4444",
                "path": "/wd/hub",
                "tmpfs": {
                    "/tmp": "size=128m"
                }
            },
            "51.0": {
                "image": "selenoid/firefox:51.0",
                "port": "4444",
                "path": "/wd/hub",
                "tmpfs": {
                    "/tmp": "size=128m"
                }
            },
            "52.0": {
                "image": "selenoid/firefox:52.0",
                "port": "4444",
                "path": "/wd/hub",
                "tmpfs": {
                    "/tmp": "size=128m"
                }
            },
            "53.0": {
                "image": "selenoid/firefox:53.0",
                "port": "4444",
                "path": "/wd/hub",
                "tmpfs": {
                    "/tmp": "size=128m"
                }
            }
        }
    },
    "opera": {
        "default": "44.0",
        "versions": {
            "40.0": {
                "image": "selenoid/opera:40.0",
                "port": "4444",
                "path": "/",
                "tmpfs": {
                    "/tmp": "size=128m"
                }
            },
            "41.0": {
                "image": "selenoid/opera:41.0",
                "port": "4444",
                "path": "/",
                "tmpfs": {
                    "/tmp": "size=128m"
                }
            },
            "42.0": {
                "image": "selenoid/opera:42.0",
                "port": "4444",
                "path": "/",
                "tmpfs": {
                    "/tmp": "size=128m"
                }
            },
            "43.0": {
                "image": "selenoid/opera:43.0",
                "port": "4444",
                "path": "/",
                "tmpfs": {
                    "/tmp": "size=128m"
                }
            },
            "44.0": {
                "image": "selenoid/opera:44.0",
                "port": "4444",
                "path": "/",
                "tmpfs": {
                    "/tmp": "size=128m"
                }
            }
        }
    }
}
