{
  "chrome": {
    "command": "%s --whitelisted-ips= --verbose",
    "files": {
      "linux": {
        "amd64": {
          "url": "http://chromedriver.storage.googleapis.com/87.0.4280.20/chromedriver_linux64.zip",
          "filename": "chromedriver"
        }
      },
      "darwin": {
        "amd64": {
          "url": "http://chromedriver.storage.googleapis.com/87.0.4280.20/chromedriver_mac64.zip",
          "filename": "chromedriver"
        }
      },
      "windows": {
        "386": {
          "url": "http://chromedriver.storage.googleapis.com/87.0.4280.20/chromedriver_win32.zip",
          "filename": "chromedriver.exe"
        },
        "amd64": {
          "url": "http://chromedriver.storage.googleapis.com/87.0.4280.20/chromedriver_win32.zip",
          "filename": "chromedriver.exe"
        }
      }
    }
  },

  "firefox": {
    "command": "%s --host 127.0.0.1 --log debug",
    "files": {
      "linux": {
        "386": {
          "url": "https://github.com/mozilla/geckodriver/releases/download/v0.28.0/geckodriver-v0.28.0-linux32.tar.gz",
          "filename": "geckodriver"
        },
        "amd64": {
          "url": "https://github.com/mozilla/geckodriver/releases/download/v0.28.0/geckodriver-v0.28.0-linux64.tar.gz",
          "filename": "geckodriver"
        }
      },
      "darwin": {
        "amd64": {
          "url": "https://github.com/mozilla/geckodriver/releases/download/v0.28.0/geckodriver-v0.28.0-macos.tar.gz",
          "filename": "geckodriver"
        }
      },
      "windows": {
        "386": {
          "url": "https://github.com/mozilla/geckodriver/releases/download/v0.28.0/geckodriver-v0.28.0-win32.zip",
          "filename": "geckodriver.exe"
        },
        "amd64": {
          "url": "https://github.com/mozilla/geckodriver/releases/download/v0.28.0/geckodriver-v0.28.0-win64.zip",
          "filename": "geckodriver.exe"
        }
      }
    }
  },

  "opera": {
    "command": "%s --whitelisted-ips='' --verbose",
    "files": {
      "linux": {
        "amd64": {
          "url": "https://github.com/operasoftware/operachromiumdriver/releases/download/v.86.0.4240.80/operadriver_linux64.zip",
          "filename": "operadriver_linux64/operadriver"
        }
      },
      "darwin": {
        "amd64": {
          "url": "https://github.com/operasoftware/operachromiumdriver/releases/download/v.86.0.4240.80/operadriver_mac64.zip",
          "filename": "operadriver_mac64/operadriver"
        }
      },
      "windows": {
        "386": {
          "url": "https://github.com/operasoftware/operachromiumdriver/releases/download/v.86.0.4240.80/operadriver_win32.zip",
          "filename": "operadriver_win32/operadriver.exe"
        },
        "amd64": {
          "url": "https://github.com/operasoftware/operachromiumdriver/releases/download/v.86.0.4240.80/operadriver_win64.zip",
          "filename": "operadriver_win64/operadriver.exe"
        }
      }

    }
  },

  "safari": {
    "command": "%s",
    "files": {
      "darwin": {
        "amd64": {
          "url": "",
          "filename": "/usr/bin/safaridriver"
        }
      }
    }
  },

  "internet explorer": {
    "command": "%s",
    "files": {
      "windows": {
        "386": {
          "url": "http://selenium-release.storage.googleapis.com/3.14/IEDriverServer_Win32_3.14.0.zip",
          "filename": "IEDriverServer.exe"
        },
        "amd64": {
          "url": "http://selenium-release.storage.googleapis.com/3.14/IEDriverServer_x64_3.14.0.zip",
          "filename": "IEDriverServer.exe"
        }
      }
    }
  },

  "MicrosoftEdge": {
    "command": "%s --host=127.0.0.1 --verbose",
    "files": {
      "windows": {
        "386": {
          "url": "",
          "filename": "C:\\Windows\\System32\\MicrosoftWebDriver.exe"
        },
        "amd64": {
          "url": "",
          "filename": "C:\\Windows\\System32\\MicrosoftWebDriver.exe"
        }
      }
    }
  }
}



