<qa:browsers xmlns:qa="urn:config.gridrouter.qatools.ru">
    <browser name="firefox" defaultVersion="60.0">
        <version number="60.0"> 
            <region name="1">
                <host name="localhost" port="5555" count="5"/>
		<host name="localhost" port="5556" count="5"/>
		<host name="localhost" port="5557" count="5"/>
		<host name="localhost" port="5558" count="5"/>
            </region>
            <region name="2">
                <host name="localhost" port="5555" count="5"/> 
                <host name="localhost" port="5556" count="5"/>
                <host name="localhost" port="5557" count="5"/>
                <host name="localhost" port="5558" count="5"/>
            </region>
        </version>
    </browser>
    <browser name="chrome" defaultVersion="66.0">
        <version number="66.0">
            <region name="1">
                <host name="localhost" port="5555" count="5"/> 
                <host name="localhost" port="5556" count="5"/>
                <host name="localhost" port="5557" count="5"/>
                <host name="localhost" port="5558" count="5"/>
            </region>
            <region name="2">
                <host name="localhost" port="5555" count="5"/> 
                <host name="localhost" port="5556" count="5"/>
                <host name="localhost" port="5557" count="5"/>
                <host name="localhost" port="5558" count="5"/>
            </region>
        </version>
    </browser>
</qa:browsers>
